,P(1),P(2),P(3),P(4),P(5),P(6),P(7),P(8),P(9),P(10),P(11),P(12)
AA,0.994693078,1.019071193,-0.001696978,-1.369306394,-0.900933776,-0.842135935,-0.119002653,0.832743127,-1.886570773,-0.643991672,0.359819594,0.514817687
AC,-1.358946882,-0.917799963,-0.653336394,0,-0.117513101,1.107376053,-0.880619632,0.269761858,-0.156193044,-0.831334704,-1.040559366,1.025079465
AG,-0.798556415,0.487750506,-1.332127452,0,-0.117513101,0.015759977,-0.499811143,0.269761858,-0.436290158,-0.893782381,-0.884961704,0.150344988
AT,-0.098068332,0.566883375,2.088979482,-1.369306394,-1.370986181,-0.575685727,-1.388364285,1.395724396,-0.750621365,-1.049901574,-1.896346509,1.972708481
CA,1.190829742,0.566883375,0.595639154,0,-0.117513101,-0.915432791,-0.119002653,-0.105558988,0.979756365,1.510453194,1.215606736,-1.380440346
CC,-1.190829742,-0.069947803,-0.056000262,1.369306394,2.076064789,0.669899847,1.404231305,-1.231521526,1.396789847,0.355171164,-0.495967548,-0.578600409
CG,-0.266185472,-0.578659099,-1.142065955,1.369306394,0.665907574,0.187246962,2.038912121,-2.16982364,0.799249336,2.228601483,0.74881375,-1.817807584
CT,-0.798556415,0.487750506,-1.332127452,0,-0.117513101,0.015759977,-0.499811143,0.269761858,-0.436290158,-0.893782381,-0.884961704,0.150344988
GA,1.022712602,-0.654023736,1.111520358,0,-0.117513101,-0.218882161,-0.499811143,0.269761858,-0.27445627,-0.144410254,0.826612581,0.150344988
GC,0.322224518,-2.455238547,0.78570065,1.369306394,0.665907574,2.353422614,1.404231305,-1.231521526,0.472469369,-0.300529447,-0.22367164,0.587712227
GG,-1.190829742,-0.069947803,-0.056000262,1.369306394,2.076064789,0.669899847,1.404231305,-1.231521526,1.396789847,0.355171164,-0.495967548,-0.578600409
GT,-1.358946882,-0.917799963,-0.653336394,0,-0.117513101,1.107376053,-0.880619632,0.269761858,-0.156193044,-0.831334704,-1.040559366,1.025079465
TA,0.322224518,1.603147126,-1.060611028,-1.369306394,-1.370986181,-1.598153826,-0.626747306,1.395724396,0.232830726,0.417618842,1.410103814,-0.505705869
TC,1.022712602,-0.654023736,1.111520358,0,-0.117513101,-0.218882161,-0.499811143,0.269761858,-0.27445627,-0.144410254,0.826612581,0.150344988
TG,1.190829742,0.566883375,0.595639154,0,-0.117513101,-0.915432791,-0.119002653,-0.105558988,0.979756365,1.510453194,1.215606736,-1.380440346
TT,0.994693078,1.019071193,-0.001696978,-1.369306394,-0.900933776,-0.842135935,-0.119002653,0.832743127,-1.886570773,-0.643991672,0.359819594,0.514817687
